"","1273","C:\Users\Innovapath\Desktop\Ved\TestCaseTestStepResults-1.csv","C:\Users\Innovapath\Desktop\Ved\errors-1.csv","08:54:41","ListOfLanguagesByName TestCase","PASS","f8933fa9-bfa0-447c-8a71-478b3a357f93","C:\Users\Innovapath\Desktop\Ved\TestCaseTestStepParameters-1.csv"
"","1145","C:\Users\Innovapath\Desktop\Ved\TestCaseTestStepResults-2.csv","C:\Users\Innovapath\Desktop\Ved\errors-2.csv","08:54:41","ListOfCurrenciesByCode TestCase","PASS","66c36520-91a3-4b90-8a11-1455702a0dc1","C:\Users\Innovapath\Desktop\Ved\TestCaseTestStepParameters-2.csv"
"","1213","C:\Users\Innovapath\Desktop\Ved\TestCaseTestStepResults-3.csv","C:\Users\Innovapath\Desktop\Ved\errors-3.csv","08:54:41","CountryISOCode TestCase","PASS","defab30d-f8b4-48fe-9aad-b100e6b3f0cd","C:\Users\Innovapath\Desktop\Ved\TestCaseTestStepParameters-3.csv"
"","1120","C:\Users\Innovapath\Desktop\Ved\TestCaseTestStepResults-4.csv","C:\Users\Innovapath\Desktop\Ved\errors-4.csv","08:54:41","ListOfCountryNamesByCode TestCase","PASS","f2ff1f9c-54b6-4253-8407-876ebd242620","C:\Users\Innovapath\Desktop\Ved\TestCaseTestStepParameters-4.csv"
"","1167","C:\Users\Innovapath\Desktop\Ved\TestCaseTestStepResults-5.csv","C:\Users\Innovapath\Desktop\Ved\errors-5.csv","08:54:41","ListOfCountryNamesGroupedByContinent TestCase","PASS","e1e90b3c-7ecf-49c0-830f-7850a9177604","C:\Users\Innovapath\Desktop\Ved\TestCaseTestStepParameters-5.csv"
"","1288","C:\Users\Innovapath\Desktop\Ved\TestCaseTestStepResults-6.csv","C:\Users\Innovapath\Desktop\Ved\errors-6.csv","08:54:41","ListOfCountryNamesByName TestCase","PASS","9e5360ef-da6a-4565-b4fb-51a394eb00ae","C:\Users\Innovapath\Desktop\Ved\TestCaseTestStepParameters-6.csv"
"","828","C:\Users\Innovapath\Desktop\Ved\TestCaseTestStepResults-7.csv","C:\Users\Innovapath\Desktop\Ved\errors-7.csv","08:54:41","ListOfCurrenciesByName TestCase","PASS","3fa5feef-204e-4f7b-9803-007323eead74","C:\Users\Innovapath\Desktop\Ved\TestCaseTestStepParameters-7.csv"
"","1137","C:\Users\Innovapath\Desktop\Ved\TestCaseTestStepResults-8.csv","C:\Users\Innovapath\Desktop\Ved\errors-8.csv","08:54:41","FullCountryInfo TestCase","PASS","a0876622-6a49-42a2-a4e4-6f26ab8386fa","C:\Users\Innovapath\Desktop\Ved\TestCaseTestStepParameters-8.csv"
"","1256","C:\Users\Innovapath\Desktop\Ved\TestCaseTestStepResults-9.csv","C:\Users\Innovapath\Desktop\Ved\errors-9.csv","08:54:41","ListOfContinentsByName TestCase","PASS","083f1d4f-d7ab-494b-87d7-63c2e826eb82","C:\Users\Innovapath\Desktop\Ved\TestCaseTestStepParameters-9.csv"
"","1659","C:\Users\Innovapath\Desktop\Ved\TestCaseTestStepResults-10.csv","C:\Users\Innovapath\Desktop\Ved\errors-10.csv","08:54:41","CountryFlag TestCase","PASS","b8d201a8-bdd8-4ef7-b5b5-9541e5a18268","C:\Users\Innovapath\Desktop\Ved\TestCaseTestStepParameters-10.csv"
"","1145","C:\Users\Innovapath\Desktop\Ved\TestCaseTestStepResults-11.csv","C:\Users\Innovapath\Desktop\Ved\errors-11.csv","08:54:41","CurrencyName TestCase","PASS","f9f592b5-6b13-4eb0-91b4-6b75758f52b1","C:\Users\Innovapath\Desktop\Ved\TestCaseTestStepParameters-11.csv"
"","1134","C:\Users\Innovapath\Desktop\Ved\TestCaseTestStepResults-12.csv","C:\Users\Innovapath\Desktop\Ved\errors-12.csv","08:54:41","ListOfLanguagesByCode TestCase","PASS","6e37f74a-cde2-4aac-843d-8855a1839f8c","C:\Users\Innovapath\Desktop\Ved\TestCaseTestStepParameters-12.csv"
"","1114","C:\Users\Innovapath\Desktop\Ved\TestCaseTestStepResults-13.csv","C:\Users\Innovapath\Desktop\Ved\errors-13.csv","08:54:41","ListOfContinentsByCode TestCase","PASS","af821f6b-a8af-4239-b634-c827c1f89db3","C:\Users\Innovapath\Desktop\Ved\TestCaseTestStepParameters-13.csv"
"","1319","C:\Users\Innovapath\Desktop\Ved\TestCaseTestStepResults-14.csv","C:\Users\Innovapath\Desktop\Ved\errors-14.csv","08:54:41","CountryIntPhoneCode TestCase","PASS","d6c77dd5-5d4d-4c6d-bfce-e090c4bf51f5","C:\Users\Innovapath\Desktop\Ved\TestCaseTestStepParameters-14.csv"
"","1143","C:\Users\Innovapath\Desktop\Ved\TestCaseTestStepResults-15.csv","C:\Users\Innovapath\Desktop\Ved\errors-15.csv","08:54:41","CountryName TestCase","PASS","d7243d47-65ae-4d4b-ba27-2135e5e0cc35","C:\Users\Innovapath\Desktop\Ved\TestCaseTestStepParameters-15.csv"
"","1735","C:\Users\Innovapath\Desktop\Ved\TestCaseTestStepResults-16.csv","C:\Users\Innovapath\Desktop\Ved\errors-16.csv","08:54:41","FullCountryInfoAllCountries TestCase","PASS","b406441e-dac8-407c-9f07-8a2e15847ad7","C:\Users\Innovapath\Desktop\Ved\TestCaseTestStepParameters-16.csv"
"","918","C:\Users\Innovapath\Desktop\Ved\TestCaseTestStepResults-17.csv","C:\Users\Innovapath\Desktop\Ved\errors-17.csv","08:54:41","LanguageISOCode TestCase","PASS","6f222919-5a87-489f-912a-321a048ac25c","C:\Users\Innovapath\Desktop\Ved\TestCaseTestStepParameters-17.csv"
"","1251","C:\Users\Innovapath\Desktop\Ved\TestCaseTestStepResults-18.csv","C:\Users\Innovapath\Desktop\Ved\errors-18.csv","08:54:41","LanguageName TestCase","PASS","25e416f5-ce8b-4ec0-93a0-f6ab34cf526e","C:\Users\Innovapath\Desktop\Ved\TestCaseTestStepParameters-18.csv"
"","1328","C:\Users\Innovapath\Desktop\Ved\TestCaseTestStepResults-19.csv","C:\Users\Innovapath\Desktop\Ved\errors-19.csv","08:54:41","CountriesUsingCurrency TestCase","PASS","44b66aa5-7b08-4630-9bb0-d2b329bbf8e3","C:\Users\Innovapath\Desktop\Ved\TestCaseTestStepParameters-19.csv"
"","2109","C:\Users\Innovapath\Desktop\Ved\TestCaseTestStepResults-20.csv","C:\Users\Innovapath\Desktop\Ved\errors-20.csv","08:54:41","CountryCurrency TestCase","PASS","2e9be91a-c146-4fd7-abae-5a397b695bce","C:\Users\Innovapath\Desktop\Ved\TestCaseTestStepParameters-20.csv"
"","2305","C:\Users\Innovapath\Desktop\Ved\TestCaseTestStepResults-21.csv","C:\Users\Innovapath\Desktop\Ved\errors-21.csv","08:54:41","CapitalCity TestCase","PASS","df6bd9e0-e100-4d93-bb47-a79c08605ab0","C:\Users\Innovapath\Desktop\Ved\TestCaseTestStepParameters-21.csv"
